name,category,parent,aliases
躯体工事,作業,,
型枠工事,作業,躯体工事,型枠|かたわく
型枠組立,作業,型枠工事,型枠の組立|建て込み|建込み
型枠解体,作業,型枠工事,ばらし|解体
鉄筋工事,作業,躯体工事,
配筋,作業,鉄筋工事,鉄筋組立|鉄筋の組立
鉄筋結束,作業,鉄筋工事,結束|結束作業
コンクリート打設,作業,躯体工事,打設|生コン打設|コン打ち
仕上工事,作業,,
内装工事,作業,仕上工事,内装
軽量鉄骨下地,作業,内装工事,LGS|軽鉄下地|軽天
ボード張り,作業,内装工事,石膏ボード張り|PB張り|ボード貼り
左官工事,作業,仕上工事,左官
モルタル塗り,作業,左官工事,モル塗り
タイル張り,作業,仕上工事,タイル貼り|タイル
仮設工事,作業,,
足場組立,作業,仮設工事,足場|足場の組立
墨出し,作業,仮設工事,墨打ち|墨付け
インパクトドライバー,道具,,インパクト|インパクトドライバ
電動丸のこ,道具,,丸のこ|丸ノコ|マルノコ
ハッカー,道具,,結束ハッカー
レベル,道具,,水平器|水準器|水平
墨つぼ,道具,,墨壺|すみつぼ
レーザー墨出し器,道具,,レーザー|墨出し器
コテ,道具,,鏝|左官ごて
バイブレーター,道具,,バイブ|振動機
メジャー,道具,,コンベックス|スケール
石膏ボード,資材,,プラスターボード|PB
コンパネ,資材,,合板|型枠用合板|ベニヤ
セパレーター,資材,,セパ
鉄筋,資材,,異形鉄筋|D13|D10
結束線,資材,,番線|なまし鉄線
軽量鉄骨,資材,,スタッド|ランナー
ビス,資材,,ねじ|ネジ
モルタル,資材,,
墜落防止,安全,,墜落|転落|安全帯|フルハーネス
保護具,安全,,ヘルメット|保護メガネ|手袋
初級,難易度,,
中級,難易度,,
上級,難易度,,
